"","Dia","Semana","Mes","Clase","Cantidad_real","Cantidad_Predicha","Grupo_pro"
"1",1,NA,NA,"atropello",109,105,"Diario"
"2",1,NA,NA,"caida_ocupante",112,108,"Diario"
"3",1,NA,NA,"choque",829,811,"Diario"
"4",1,NA,NA,"incendio",119,131,"Diario"
"5",1,NA,NA,"otro",54,35,"Diario"
"6",2,NA,NA,"atropello",118,118,"Diario"
"7",2,NA,NA,"caida_ocupante",105,115,"Diario"
"8",2,NA,NA,"choque",953,911,"Diario"
"9",2,NA,NA,"incendio",146,174,"Diario"
"10",2,NA,NA,"otro",54,48,"Diario"
"11",3,NA,NA,"atropello",129,126,"Diario"
"12",3,NA,NA,"caida_ocupante",129,118,"Diario"
"13",3,NA,NA,"choque",1000,922,"Diario"
"14",3,NA,NA,"incendio",142,123,"Diario"
"15",3,NA,NA,"otro",41,26,"Diario"
"16",4,NA,NA,"atropello",132,105,"Diario"
"17",4,NA,NA,"caida_ocupante",119,137,"Diario"
"18",4,NA,NA,"choque",876,766,"Diario"
"19",4,NA,NA,"incendio",136,148,"Diario"
"20",4,NA,NA,"otro",36,23,"Diario"
"21",5,NA,NA,"atropello",108,107,"Diario"
"22",5,NA,NA,"caida_ocupante",132,114,"Diario"
"23",5,NA,NA,"choque",918,879,"Diario"
"24",5,NA,NA,"incendio",136,106,"Diario"
"25",5,NA,NA,"otro",23,4,"Diario"
"26",6,NA,NA,"atropello",128,104,"Diario"
"27",6,NA,NA,"caida_ocupante",124,156,"Diario"
"28",6,NA,NA,"choque",990,983,"Diario"
"29",6,NA,NA,"incendio",110,116,"Diario"
"30",6,NA,NA,"otro",29,15,"Diario"
"31",7,NA,NA,"atropello",103,96,"Diario"
"32",7,NA,NA,"caida_ocupante",90,95,"Diario"
"33",7,NA,NA,"choque",886,781,"Diario"
"34",7,NA,NA,"incendio",97,109,"Diario"
"35",7,NA,NA,"otro",31,31,"Diario"
"36",8,NA,NA,"atropello",127,120,"Diario"
"37",8,NA,NA,"caida_ocupante",101,115,"Diario"
"38",8,NA,NA,"choque",802,781,"Diario"
"39",8,NA,NA,"incendio",121,131,"Diario"
"40",8,NA,NA,"otro",41,36,"Diario"
"41",9,NA,NA,"atropello",109,80,"Diario"
"42",9,NA,NA,"caida_ocupante",117,141,"Diario"
"43",9,NA,NA,"choque",944,1011,"Diario"
"44",9,NA,NA,"incendio",110,86,"Diario"
"45",9,NA,NA,"otro",42,44,"Diario"
"46",10,NA,NA,"atropello",102,74,"Diario"
"47",10,NA,NA,"caida_ocupante",134,146,"Diario"
"48",10,NA,NA,"choque",959,928,"Diario"
"49",10,NA,NA,"incendio",125,133,"Diario"
"50",10,NA,NA,"otro",32,12,"Diario"
"51",11,NA,NA,"atropello",118,134,"Diario"
"52",11,NA,NA,"caida_ocupante",108,86,"Diario"
"53",11,NA,NA,"choque",909,913,"Diario"
"54",11,NA,NA,"incendio",101,113,"Diario"
"55",11,NA,NA,"otro",27,2,"Diario"
"56",12,NA,NA,"atropello",153,151,"Diario"
"57",12,NA,NA,"caida_ocupante",131,187,"Diario"
"58",12,NA,NA,"choque",952,1131,"Diario"
"59",12,NA,NA,"incendio",147,232,"Diario"
"60",12,NA,NA,"otro",49,56,"Diario"
"61",13,NA,NA,"atropello",122,114,"Diario"
"62",13,NA,NA,"caida_ocupante",130,134,"Diario"
"63",13,NA,NA,"choque",1032,986,"Diario"
"64",13,NA,NA,"incendio",126,124,"Diario"
"65",13,NA,NA,"otro",49,26,"Diario"
"66",14,NA,NA,"atropello",109,129,"Diario"
"67",14,NA,NA,"caida_ocupante",106,109,"Diario"
"68",14,NA,NA,"choque",879,853,"Diario"
"69",14,NA,NA,"incendio",129,132,"Diario"
"70",14,NA,NA,"otro",41,29,"Diario"
"71",15,NA,NA,"atropello",120,116,"Diario"
"72",15,NA,NA,"caida_ocupante",120,93,"Diario"
"73",15,NA,NA,"choque",893,851,"Diario"
"74",15,NA,NA,"incendio",105,123,"Diario"
"75",15,NA,NA,"otro",45,31,"Diario"
"76",16,NA,NA,"atropello",124,99,"Diario"
"77",16,NA,NA,"caida_ocupante",116,88,"Diario"
"78",16,NA,NA,"choque",1007,936,"Diario"
"79",16,NA,NA,"incendio",124,160,"Diario"
"80",16,NA,NA,"otro",30,14,"Diario"
"81",17,NA,NA,"atropello",124,110,"Diario"
"82",17,NA,NA,"caida_ocupante",143,102,"Diario"
"83",17,NA,NA,"choque",1010,941,"Diario"
"84",17,NA,NA,"incendio",110,93,"Diario"
"85",17,NA,NA,"otro",34,16,"Diario"
"86",18,NA,NA,"atropello",130,110,"Diario"
"87",18,NA,NA,"caida_ocupante",109,73,"Diario"
"88",18,NA,NA,"choque",888,768,"Diario"
"89",18,NA,NA,"incendio",109,82,"Diario"
"90",18,NA,NA,"otro",34,19,"Diario"
"91",19,NA,NA,"atropello",134,109,"Diario"
"92",19,NA,NA,"caida_ocupante",112,102,"Diario"
"93",19,NA,NA,"choque",965,906,"Diario"
"94",19,NA,NA,"incendio",110,117,"Diario"
"95",19,NA,NA,"otro",33,10,"Diario"
"96",20,NA,NA,"atropello",103,109,"Diario"
"97",20,NA,NA,"caida_ocupante",134,108,"Diario"
"98",20,NA,NA,"choque",931,889,"Diario"
"99",20,NA,NA,"incendio",122,110,"Diario"
"100",20,NA,NA,"otro",40,34,"Diario"
"101",21,NA,NA,"atropello",131,101,"Diario"
"102",21,NA,NA,"caida_ocupante",121,76,"Diario"
"103",21,NA,NA,"choque",971,938,"Diario"
"104",21,NA,NA,"incendio",112,93,"Diario"
"105",21,NA,NA,"otro",29,16,"Diario"
"106",22,NA,NA,"atropello",120,100,"Diario"
"107",22,NA,NA,"caida_ocupante",117,124,"Diario"
"108",22,NA,NA,"choque",936,853,"Diario"
"109",22,NA,NA,"incendio",103,121,"Diario"
"110",22,NA,NA,"otro",41,12,"Diario"
"111",23,NA,NA,"atropello",128,128,"Diario"
"112",23,NA,NA,"caida_ocupante",122,120,"Diario"
"113",23,NA,NA,"choque",1053,970,"Diario"
"114",23,NA,NA,"incendio",118,119,"Diario"
"115",23,NA,NA,"otro",37,8,"Diario"
"116",24,NA,NA,"atropello",120,137,"Diario"
"117",24,NA,NA,"caida_ocupante",129,160,"Diario"
"118",24,NA,NA,"choque",928,910,"Diario"
"119",24,NA,NA,"incendio",148,167,"Diario"
"120",24,NA,NA,"otro",51,41,"Diario"
"121",25,NA,NA,"atropello",115,91,"Diario"
"122",25,NA,NA,"caida_ocupante",97,74,"Diario"
"123",25,NA,NA,"choque",916,972,"Diario"
"124",25,NA,NA,"incendio",119,97,"Diario"
"125",25,NA,NA,"otro",25,13,"Diario"
"126",26,NA,NA,"atropello",108,88,"Diario"
"127",26,NA,NA,"caida_ocupante",155,184,"Diario"
"128",26,NA,NA,"choque",919,978,"Diario"
"129",26,NA,NA,"incendio",147,216,"Diario"
"130",26,NA,NA,"otro",55,56,"Diario"
"131",27,NA,NA,"atropello",107,99,"Diario"
"132",27,NA,NA,"caida_ocupante",120,145,"Diario"
"133",27,NA,NA,"choque",976,1064,"Diario"
"134",27,NA,NA,"incendio",132,156,"Diario"
"135",27,NA,NA,"otro",45,49,"Diario"
"136",28,NA,NA,"atropello",122,87,"Diario"
"137",28,NA,NA,"caida_ocupante",108,60,"Diario"
"138",28,NA,NA,"choque",917,866,"Diario"
"139",28,NA,NA,"incendio",121,126,"Diario"
"140",28,NA,NA,"otro",36,36,"Diario"
"141",29,NA,NA,"atropello",83,31,"Diario"
"142",29,NA,NA,"caida_ocupante",97,97,"Diario"
"143",29,NA,NA,"choque",746,697,"Diario"
"144",29,NA,NA,"incendio",117,117,"Diario"
"145",29,NA,NA,"otro",28,0,"Diario"
"146",30,NA,NA,"atropello",100,65,"Diario"
"147",30,NA,NA,"caida_ocupante",107,72,"Diario"
"148",30,NA,NA,"choque",701,689,"Diario"
"149",30,NA,NA,"incendio",118,132,"Diario"
"150",30,NA,NA,"otro",35,31,"Diario"
"151",31,NA,NA,"atropello",68,75,"Diario"
"152",31,NA,NA,"caida_ocupante",62,87,"Diario"
"153",31,NA,NA,"choque",472,672,"Diario"
"154",31,NA,NA,"incendio",73,78,"Diario"
"155",31,NA,NA,"otro",24,17,"Diario"
"156",1,NA,NA,"atropello",120,110,"Diario"
"157",1,NA,NA,"caida_ocupante",93,79,"Diario"
"158",1,NA,NA,"choque",912,946,"Diario"
"159",1,NA,NA,"incendio",2,2,"Diario"
"160",1,NA,NA,"otro",142,167,"Diario"
"161",1,NA,NA,"volcamiento",47,69,"Diario"
"162",2,NA,NA,"atropello",145,116,"Diario"
"163",2,NA,NA,"caida_ocupante",129,151,"Diario"
"164",2,NA,NA,"choque",1020,946,"Diario"
"165",2,NA,NA,"otro",146,105,"Diario"
"166",2,NA,NA,"volcamiento",47,27,"Diario"
"167",3,NA,NA,"atropello",138,129,"Diario"
"168",3,NA,NA,"caida_ocupante",125,133,"Diario"
"169",3,NA,NA,"choque",897,865,"Diario"
"170",3,NA,NA,"incendio",1,1,"Diario"
"171",3,NA,NA,"otro",136,156,"Diario"
"172",3,NA,NA,"volcamiento",45,54,"Diario"
"173",4,NA,NA,"atropello",123,121,"Diario"
"174",4,NA,NA,"caida_ocupante",115,115,"Diario"
"175",4,NA,NA,"choque",991,1024,"Diario"
"176",4,NA,NA,"otro",136,119,"Diario"
"177",4,NA,NA,"volcamiento",52,45,"Diario"
"178",5,NA,NA,"atropello",133,175,"Diario"
"179",5,NA,NA,"caida_ocupante",108,116,"Diario"
"180",5,NA,NA,"choque",1140,1123,"Diario"
"181",5,NA,NA,"otro",146,139,"Diario"
"182",5,NA,NA,"volcamiento",48,41,"Diario"
"183",6,NA,NA,"atropello",137,109,"Diario"
"184",6,NA,NA,"caida_ocupante",109,104,"Diario"
"185",6,NA,NA,"choque",1027,911,"Diario"
"186",6,NA,NA,"otro",135,167,"Diario"
"187",6,NA,NA,"volcamiento",55,55,"Diario"
"188",7,NA,NA,"atropello",116,117,"Diario"
"189",7,NA,NA,"caida_ocupante",94,108,"Diario"
"190",7,NA,NA,"choque",862,946,"Diario"
"191",7,NA,NA,"otro",125,134,"Diario"
"192",7,NA,NA,"volcamiento",43,41,"Diario"
"193",8,NA,NA,"atropello",158,174,"Diario"
"194",8,NA,NA,"caida_ocupante",129,168,"Diario"
"195",8,NA,NA,"choque",990,963,"Diario"
"196",8,NA,NA,"otro",156,184,"Diario"
"197",8,NA,NA,"volcamiento",47,50,"Diario"
"198",9,NA,NA,"atropello",140,144,"Diario"
"199",9,NA,NA,"caida_ocupante",135,137,"Diario"
"200",9,NA,NA,"choque",961,951,"Diario"
"201",9,NA,NA,"otro",151,126,"Diario"
"202",9,NA,NA,"volcamiento",49,30,"Diario"
"203",10,NA,NA,"atropello",123,118,"Diario"
"204",10,NA,NA,"caida_ocupante",112,128,"Diario"
"205",10,NA,NA,"choque",960,908,"Diario"
"206",10,NA,NA,"incendio",1,2,"Diario"
"207",10,NA,NA,"otro",149,127,"Diario"
"208",10,NA,NA,"volcamiento",48,56,"Diario"
"209",11,NA,NA,"atropello",128,113,"Diario"
"210",11,NA,NA,"caida_ocupante",140,155,"Diario"
"211",11,NA,NA,"choque",979,1011,"Diario"
"212",11,NA,NA,"otro",137,172,"Diario"
"213",11,NA,NA,"volcamiento",48,70,"Diario"
"214",12,NA,NA,"atropello",123,103,"Diario"
"215",12,NA,NA,"caida_ocupante",119,97,"Diario"
"216",12,NA,NA,"choque",1049,1021,"Diario"
"217",12,NA,NA,"otro",182,238,"Diario"
"218",12,NA,NA,"volcamiento",72,70,"Diario"
"219",13,NA,NA,"atropello",120,71,"Diario"
"220",13,NA,NA,"caida_ocupante",128,123,"Diario"
"221",13,NA,NA,"choque",943,852,"Diario"
"222",13,NA,NA,"otro",140,126,"Diario"
"223",13,NA,NA,"volcamiento",41,40,"Diario"
"224",14,NA,NA,"atropello",123,119,"Diario"
"225",14,NA,NA,"caida_ocupante",99,122,"Diario"
"226",14,NA,NA,"choque",877,895,"Diario"
"227",14,NA,NA,"otro",158,186,"Diario"
"228",14,NA,NA,"volcamiento",58,72,"Diario"
"229",15,NA,NA,"atropello",152,122,"Diario"
"230",15,NA,NA,"caida_ocupante",110,117,"Diario"
"231",15,NA,NA,"choque",967,960,"Diario"
"232",15,NA,NA,"otro",152,161,"Diario"
"233",15,NA,NA,"volcamiento",55,31,"Diario"
"234",16,NA,NA,"atropello",120,93,"Diario"
"235",16,NA,NA,"caida_ocupante",146,160,"Diario"
"236",16,NA,NA,"choque",1061,968,"Diario"
"237",16,NA,NA,"otro",183,148,"Diario"
"238",16,NA,NA,"volcamiento",74,75,"Diario"
"239",17,NA,NA,"atropello",118,82,"Diario"
"240",17,NA,NA,"caida_ocupante",106,90,"Diario"
"241",17,NA,NA,"choque",984,969,"Diario"
"242",17,NA,NA,"otro",173,228,"Diario"
"243",17,NA,NA,"volcamiento",42,24,"Diario"
"244",18,NA,NA,"atropello",124,106,"Diario"
"245",18,NA,NA,"caida_ocupante",136,145,"Diario"
"246",18,NA,NA,"choque",978,940,"Diario"
"247",18,NA,NA,"otro",146,152,"Diario"
"248",18,NA,NA,"volcamiento",51,57,"Diario"
"249",19,NA,NA,"atropello",111,90,"Diario"
"250",19,NA,NA,"caida_ocupante",107,149,"Diario"
"251",19,NA,NA,"choque",900,822,"Diario"
"252",19,NA,NA,"otro",142,142,"Diario"
"253",19,NA,NA,"volcamiento",49,53,"Diario"
"254",20,NA,NA,"atropello",110,102,"Diario"
"255",20,NA,NA,"caida_ocupante",116,114,"Diario"
"256",20,NA,NA,"choque",876,928,"Diario"
"257",20,NA,NA,"incendio",1,5,"Diario"
"258",20,NA,NA,"otro",166,190,"Diario"
"259",20,NA,NA,"volcamiento",44,40,"Diario"
"260",21,NA,NA,"atropello",148,127,"Diario"
"261",21,NA,NA,"caida_ocupante",116,78,"Diario"
"262",21,NA,NA,"choque",926,808,"Diario"
"263",21,NA,NA,"otro",140,127,"Diario"
"264",21,NA,NA,"volcamiento",47,41,"Diario"
"265",22,NA,NA,"atropello",123,91,"Diario"
"266",22,NA,NA,"caida_ocupante",134,114,"Diario"
"267",22,NA,NA,"choque",1075,901,"Diario"
"268",22,NA,NA,"otro",142,154,"Diario"
"269",22,NA,NA,"volcamiento",60,62,"Diario"
"270",23,NA,NA,"atropello",144,121,"Diario"
"271",23,NA,NA,"caida_ocupante",109,116,"Diario"
"272",23,NA,NA,"choque",978,923,"Diario"
"273",23,NA,NA,"otro",161,150,"Diario"
"274",23,NA,NA,"volcamiento",62,61,"Diario"
"275",24,NA,NA,"atropello",125,88,"Diario"
"276",24,NA,NA,"caida_ocupante",101,84,"Diario"
"277",24,NA,NA,"choque",897,884,"Diario"
"278",24,NA,NA,"incendio",1,6,"Diario"
"279",24,NA,NA,"otro",156,163,"Diario"
"280",24,NA,NA,"volcamiento",43,27,"Diario"
"281",25,NA,NA,"atropello",137,108,"Diario"
"282",25,NA,NA,"caida_ocupante",93,85,"Diario"
"283",25,NA,NA,"choque",915,942,"Diario"
"284",25,NA,NA,"incendio",1,5,"Diario"
"285",25,NA,NA,"otro",152,167,"Diario"
"286",25,NA,NA,"volcamiento",69,79,"Diario"
"287",26,NA,NA,"atropello",135,102,"Diario"
"288",26,NA,NA,"caida_ocupante",125,97,"Diario"
"289",26,NA,NA,"choque",978,817,"Diario"
"290",26,NA,NA,"otro",140,108,"Diario"
"291",26,NA,NA,"volcamiento",73,82,"Diario"
"292",27,NA,NA,"atropello",137,126,"Diario"
"293",27,NA,NA,"caida_ocupante",114,112,"Diario"
"294",27,NA,NA,"choque",883,721,"Diario"
"295",27,NA,NA,"otro",133,92,"Diario"
"296",27,NA,NA,"volcamiento",40,32,"Diario"
"297",28,NA,NA,"atropello",146,119,"Diario"
"298",28,NA,NA,"caida_ocupante",91,79,"Diario"
"299",28,NA,NA,"choque",865,680,"Diario"
"300",28,NA,NA,"otro",137,134,"Diario"
"301",28,NA,NA,"volcamiento",63,42,"Diario"
"302",29,NA,NA,"atropello",113,106,"Diario"
"303",29,NA,NA,"caida_ocupante",100,104,"Diario"
"304",29,NA,NA,"choque",759,692,"Diario"
"305",29,NA,NA,"otro",123,107,"Diario"
"306",29,NA,NA,"volcamiento",50,26,"Diario"
"307",30,NA,NA,"atropello",131,113,"Diario"
"308",30,NA,NA,"caida_ocupante",122,102,"Diario"
"309",30,NA,NA,"choque",740,659,"Diario"
"310",30,NA,NA,"incendio",1,8,"Diario"
"311",30,NA,NA,"otro",152,130,"Diario"
"312",30,NA,NA,"volcamiento",46,36,"Diario"
"313",31,NA,NA,"atropello",68,80,"Diario"
"314",31,NA,NA,"caida_ocupante",56,50,"Diario"
"315",31,NA,NA,"choque",395,440,"Diario"
"316",31,NA,NA,"otro",71,77,"Diario"
"317",31,NA,NA,"volcamiento",39,46,"Diario"
"318",NA,1,NA,"atropello",64,65,"Semanal"
"319",NA,1,NA,"caida_ocupante",57,47,"Semanal"
"320",NA,1,NA,"choque",353,311,"Semanal"
"321",NA,1,NA,"incendio",78,84,"Semanal"
"322",NA,1,NA,"otro",16,16,"Semanal"
"323",NA,2,NA,"atropello",41,29,"Semanal"
"324",NA,2,NA,"caida_ocupante",54,49,"Semanal"
"325",NA,2,NA,"choque",368,333,"Semanal"
"326",NA,2,NA,"incendio",75,64,"Semanal"
"327",NA,2,NA,"otro",14,13,"Semanal"
"328",NA,3,NA,"atropello",68,52,"Semanal"
"329",NA,3,NA,"caida_ocupante",70,72,"Semanal"
"330",NA,3,NA,"choque",535,550,"Semanal"
"331",NA,3,NA,"incendio",100,130,"Semanal"
"332",NA,3,NA,"otro",27,28,"Semanal"
"333",NA,4,NA,"atropello",64,71,"Semanal"
"334",NA,4,NA,"caida_ocupante",66,72,"Semanal"
"335",NA,4,NA,"choque",527,538,"Semanal"
"336",NA,4,NA,"incendio",74,84,"Semanal"
"337",NA,4,NA,"otro",11,20,"Semanal"
"338",NA,5,NA,"atropello",65,66,"Semanal"
"339",NA,5,NA,"caida_ocupante",68,79,"Semanal"
"340",NA,5,NA,"choque",535,604,"Semanal"
"341",NA,5,NA,"incendio",58,57,"Semanal"
"342",NA,5,NA,"otro",19,14,"Semanal"
"343",NA,6,NA,"atropello",66,99,"Semanal"
"344",NA,6,NA,"caida_ocupante",60,60,"Semanal"
"345",NA,6,NA,"choque",575,587,"Semanal"
"346",NA,6,NA,"incendio",57,72,"Semanal"
"347",NA,6,NA,"otro",17,16,"Semanal"
"348",NA,7,NA,"atropello",73,85,"Semanal"
"349",NA,7,NA,"caida_ocupante",74,80,"Semanal"
"350",NA,7,NA,"choque",613,676,"Semanal"
"351",NA,7,NA,"incendio",90,133,"Semanal"
"352",NA,7,NA,"otro",37,21,"Semanal"
"353",NA,8,NA,"atropello",63,66,"Semanal"
"354",NA,8,NA,"caida_ocupante",77,107,"Semanal"
"355",NA,8,NA,"choque",578,616,"Semanal"
"356",NA,8,NA,"incendio",68,76,"Semanal"
"357",NA,8,NA,"otro",23,8,"Semanal"
"358",NA,9,NA,"atropello",70,87,"Semanal"
"359",NA,9,NA,"caida_ocupante",71,82,"Semanal"
"360",NA,9,NA,"choque",564,597,"Semanal"
"361",NA,9,NA,"incendio",60,82,"Semanal"
"362",NA,9,NA,"otro",22,14,"Semanal"
"363",NA,10,NA,"atropello",75,70,"Semanal"
"364",NA,10,NA,"caida_ocupante",97,129,"Semanal"
"365",NA,10,NA,"choque",520,521,"Semanal"
"366",NA,10,NA,"incendio",67,74,"Semanal"
"367",NA,10,NA,"otro",10,15,"Semanal"
"368",NA,11,NA,"atropello",82,90,"Semanal"
"369",NA,11,NA,"caida_ocupante",103,91,"Semanal"
"370",NA,11,NA,"choque",535,499,"Semanal"
"371",NA,11,NA,"incendio",85,91,"Semanal"
"372",NA,11,NA,"otro",23,26,"Semanal"
"373",NA,12,NA,"atropello",56,42,"Semanal"
"374",NA,12,NA,"caida_ocupante",83,68,"Semanal"
"375",NA,12,NA,"choque",524,501,"Semanal"
"376",NA,12,NA,"incendio",76,84,"Semanal"
"377",NA,12,NA,"otro",17,12,"Semanal"
"378",NA,13,NA,"atropello",53,35,"Semanal"
"379",NA,13,NA,"caida_ocupante",66,50,"Semanal"
"380",NA,13,NA,"choque",380,404,"Semanal"
"381",NA,13,NA,"incendio",57,70,"Semanal"
"382",NA,13,NA,"otro",20,16,"Semanal"
"383",NA,14,NA,"atropello",78,57,"Semanal"
"384",NA,14,NA,"caida_ocupante",69,86,"Semanal"
"385",NA,14,NA,"choque",591,558,"Semanal"
"386",NA,14,NA,"incendio",74,79,"Semanal"
"387",NA,14,NA,"otro",17,17,"Semanal"
"388",NA,15,NA,"atropello",71,45,"Semanal"
"389",NA,15,NA,"caida_ocupante",87,114,"Semanal"
"390",NA,15,NA,"choque",533,525,"Semanal"
"391",NA,15,NA,"incendio",74,93,"Semanal"
"392",NA,15,NA,"otro",24,25,"Semanal"
"393",NA,16,NA,"atropello",82,93,"Semanal"
"394",NA,16,NA,"caida_ocupante",72,60,"Semanal"
"395",NA,16,NA,"choque",551,554,"Semanal"
"396",NA,16,NA,"incendio",55,53,"Semanal"
"397",NA,16,NA,"otro",25,16,"Semanal"
"398",NA,17,NA,"atropello",67,69,"Semanal"
"399",NA,17,NA,"caida_ocupante",66,64,"Semanal"
"400",NA,17,NA,"choque",557,570,"Semanal"
"401",NA,17,NA,"incendio",80,91,"Semanal"
"402",NA,17,NA,"otro",23,23,"Semanal"
"403",NA,18,NA,"atropello",75,68,"Semanal"
"404",NA,18,NA,"caida_ocupante",84,42,"Semanal"
"405",NA,18,NA,"choque",467,438,"Semanal"
"406",NA,18,NA,"incendio",90,94,"Semanal"
"407",NA,18,NA,"otro",15,7,"Semanal"
"408",NA,19,NA,"atropello",68,52,"Semanal"
"409",NA,19,NA,"caida_ocupante",92,115,"Semanal"
"410",NA,19,NA,"choque",577,599,"Semanal"
"411",NA,19,NA,"incendio",83,84,"Semanal"
"412",NA,19,NA,"otro",26,19,"Semanal"
"413",NA,20,NA,"atropello",68,66,"Semanal"
"414",NA,20,NA,"caida_ocupante",54,49,"Semanal"
"415",NA,20,NA,"choque",532,575,"Semanal"
"416",NA,20,NA,"incendio",66,64,"Semanal"
"417",NA,20,NA,"otro",26,20,"Semanal"
"418",NA,21,NA,"atropello",70,61,"Semanal"
"419",NA,21,NA,"caida_ocupante",84,75,"Semanal"
"420",NA,21,NA,"choque",598,673,"Semanal"
"421",NA,21,NA,"incendio",70,74,"Semanal"
"422",NA,21,NA,"otro",26,22,"Semanal"
"423",NA,22,NA,"atropello",65,46,"Semanal"
"424",NA,22,NA,"caida_ocupante",71,75,"Semanal"
"425",NA,22,NA,"choque",548,461,"Semanal"
"426",NA,22,NA,"incendio",87,81,"Semanal"
"427",NA,22,NA,"otro",31,29,"Semanal"
"428",NA,23,NA,"atropello",76,56,"Semanal"
"429",NA,23,NA,"caida_ocupante",56,54,"Semanal"
"430",NA,23,NA,"choque",503,461,"Semanal"
"431",NA,23,NA,"incendio",84,69,"Semanal"
"432",NA,23,NA,"otro",18,26,"Semanal"
"433",NA,24,NA,"atropello",77,84,"Semanal"
"434",NA,24,NA,"caida_ocupante",83,82,"Semanal"
"435",NA,24,NA,"choque",507,442,"Semanal"
"436",NA,24,NA,"incendio",72,91,"Semanal"
"437",NA,24,NA,"otro",27,20,"Semanal"
"438",NA,25,NA,"atropello",83,73,"Semanal"
"439",NA,25,NA,"caida_ocupante",64,52,"Semanal"
"440",NA,25,NA,"choque",559,571,"Semanal"
"441",NA,25,NA,"incendio",70,68,"Semanal"
"442",NA,25,NA,"otro",22,6,"Semanal"
"443",NA,26,NA,"atropello",59,68,"Semanal"
"444",NA,26,NA,"caida_ocupante",71,94,"Semanal"
"445",NA,26,NA,"choque",470,488,"Semanal"
"446",NA,26,NA,"incendio",87,109,"Semanal"
"447",NA,26,NA,"otro",19,7,"Semanal"
"448",NA,27,NA,"atropello",76,60,"Semanal"
"449",NA,27,NA,"caida_ocupante",54,39,"Semanal"
"450",NA,27,NA,"choque",434,368,"Semanal"
"451",NA,27,NA,"incendio",73,61,"Semanal"
"452",NA,27,NA,"otro",26,11,"Semanal"
"453",NA,28,NA,"atropello",68,67,"Semanal"
"454",NA,28,NA,"caida_ocupante",55,40,"Semanal"
"455",NA,28,NA,"choque",551,558,"Semanal"
"456",NA,28,NA,"incendio",73,86,"Semanal"
"457",NA,28,NA,"otro",12,3,"Semanal"
"458",NA,29,NA,"atropello",64,67,"Semanal"
"459",NA,29,NA,"caida_ocupante",80,72,"Semanal"
"460",NA,29,NA,"choque",542,444,"Semanal"
"461",NA,29,NA,"incendio",79,71,"Semanal"
"462",NA,29,NA,"otro",28,34,"Semanal"
"463",NA,30,NA,"atropello",67,72,"Semanal"
"464",NA,30,NA,"caida_ocupante",99,144,"Semanal"
"465",NA,30,NA,"choque",537,554,"Semanal"
"466",NA,30,NA,"incendio",81,110,"Semanal"
"467",NA,30,NA,"otro",29,20,"Semanal"
"468",NA,31,NA,"atropello",84,71,"Semanal"
"469",NA,31,NA,"caida_ocupante",79,66,"Semanal"
"470",NA,31,NA,"choque",569,597,"Semanal"
"471",NA,31,NA,"incendio",72,72,"Semanal"
"472",NA,31,NA,"otro",26,32,"Semanal"
"473",NA,32,NA,"atropello",71,66,"Semanal"
"474",NA,32,NA,"caida_ocupante",65,55,"Semanal"
"475",NA,32,NA,"choque",565,504,"Semanal"
"476",NA,32,NA,"incendio",70,70,"Semanal"
"477",NA,32,NA,"otro",15,2,"Semanal"
"478",NA,33,NA,"atropello",68,65,"Semanal"
"479",NA,33,NA,"caida_ocupante",95,75,"Semanal"
"480",NA,33,NA,"choque",595,609,"Semanal"
"481",NA,33,NA,"incendio",72,62,"Semanal"
"482",NA,33,NA,"otro",15,4,"Semanal"
"483",NA,34,NA,"atropello",65,57,"Semanal"
"484",NA,34,NA,"caida_ocupante",71,71,"Semanal"
"485",NA,34,NA,"choque",544,537,"Semanal"
"486",NA,34,NA,"incendio",71,77,"Semanal"
"487",NA,34,NA,"otro",18,3,"Semanal"
"488",NA,35,NA,"atropello",75,77,"Semanal"
"489",NA,35,NA,"caida_ocupante",72,72,"Semanal"
"490",NA,35,NA,"choque",549,575,"Semanal"
"491",NA,35,NA,"incendio",71,78,"Semanal"
"492",NA,35,NA,"otro",23,25,"Semanal"
"493",NA,36,NA,"atropello",74,85,"Semanal"
"494",NA,36,NA,"caida_ocupante",76,83,"Semanal"
"495",NA,36,NA,"choque",590,564,"Semanal"
"496",NA,36,NA,"incendio",81,85,"Semanal"
"497",NA,36,NA,"otro",18,5,"Semanal"
"498",NA,37,NA,"atropello",69,65,"Semanal"
"499",NA,37,NA,"caida_ocupante",71,54,"Semanal"
"500",NA,37,NA,"choque",549,566,"Semanal"
"501",NA,37,NA,"incendio",73,44,"Semanal"
"502",NA,37,NA,"otro",26,1,"Semanal"
"503",NA,38,NA,"atropello",86,93,"Semanal"
"504",NA,38,NA,"caida_ocupante",67,45,"Semanal"
"505",NA,38,NA,"choque",572,579,"Semanal"
"506",NA,38,NA,"incendio",54,45,"Semanal"
"507",NA,38,NA,"otro",19,14,"Semanal"
"508",NA,39,NA,"atropello",62,26,"Semanal"
"509",NA,39,NA,"caida_ocupante",37,24,"Semanal"
"510",NA,39,NA,"choque",615,623,"Semanal"
"511",NA,39,NA,"incendio",95,104,"Semanal"
"512",NA,39,NA,"otro",35,42,"Semanal"
"513",NA,40,NA,"atropello",67,42,"Semanal"
"514",NA,40,NA,"caida_ocupante",72,77,"Semanal"
"515",NA,40,NA,"choque",573,512,"Semanal"
"516",NA,40,NA,"incendio",58,64,"Semanal"
"517",NA,40,NA,"otro",45,43,"Semanal"
"518",NA,41,NA,"atropello",68,48,"Semanal"
"519",NA,41,NA,"caida_ocupante",61,64,"Semanal"
"520",NA,41,NA,"choque",553,533,"Semanal"
"521",NA,41,NA,"incendio",64,61,"Semanal"
"522",NA,41,NA,"otro",27,19,"Semanal"
"523",NA,42,NA,"atropello",58,43,"Semanal"
"524",NA,42,NA,"caida_ocupante",78,62,"Semanal"
"525",NA,42,NA,"choque",506,474,"Semanal"
"526",NA,42,NA,"incendio",59,49,"Semanal"
"527",NA,42,NA,"otro",16,0,"Semanal"
"528",NA,43,NA,"atropello",81,39,"Semanal"
"529",NA,43,NA,"caida_ocupante",64,59,"Semanal"
"530",NA,43,NA,"choque",536,528,"Semanal"
"531",NA,43,NA,"incendio",74,89,"Semanal"
"532",NA,43,NA,"otro",22,25,"Semanal"
"533",NA,44,NA,"atropello",69,42,"Semanal"
"534",NA,44,NA,"caida_ocupante",70,49,"Semanal"
"535",NA,44,NA,"choque",628,619,"Semanal"
"536",NA,44,NA,"incendio",103,130,"Semanal"
"537",NA,44,NA,"otro",27,12,"Semanal"
"538",NA,45,NA,"atropello",61,42,"Semanal"
"539",NA,45,NA,"caida_ocupante",45,49,"Semanal"
"540",NA,45,NA,"choque",537,548,"Semanal"
"541",NA,45,NA,"incendio",45,42,"Semanal"
"542",NA,45,NA,"otro",25,2,"Semanal"
"543",NA,46,NA,"atropello",71,68,"Semanal"
"544",NA,46,NA,"caida_ocupante",51,29,"Semanal"
"545",NA,46,NA,"choque",597,577,"Semanal"
"546",NA,46,NA,"incendio",41,37,"Semanal"
"547",NA,46,NA,"otro",19,0,"Semanal"
"548",NA,47,NA,"atropello",66,67,"Semanal"
"549",NA,47,NA,"caida_ocupante",69,74,"Semanal"
"550",NA,47,NA,"choque",591,571,"Semanal"
"551",NA,47,NA,"incendio",63,77,"Semanal"
"552",NA,47,NA,"otro",22,9,"Semanal"
"553",NA,48,NA,"atropello",53,33,"Semanal"
"554",NA,48,NA,"caida_ocupante",66,68,"Semanal"
"555",NA,48,NA,"choque",481,428,"Semanal"
"556",NA,48,NA,"incendio",77,89,"Semanal"
"557",NA,48,NA,"otro",24,6,"Semanal"
"558",NA,49,NA,"atropello",67,72,"Semanal"
"559",NA,49,NA,"caida_ocupante",56,74,"Semanal"
"560",NA,49,NA,"choque",614,586,"Semanal"
"561",NA,49,NA,"incendio",53,36,"Semanal"
"562",NA,49,NA,"otro",22,15,"Semanal"
"563",NA,50,NA,"atropello",70,51,"Semanal"
"564",NA,50,NA,"caida_ocupante",53,61,"Semanal"
"565",NA,50,NA,"choque",613,604,"Semanal"
"566",NA,50,NA,"incendio",70,98,"Semanal"
"567",NA,50,NA,"otro",30,33,"Semanal"
"568",NA,51,NA,"atropello",77,72,"Semanal"
"569",NA,51,NA,"caida_ocupante",59,61,"Semanal"
"570",NA,51,NA,"choque",597,492,"Semanal"
"571",NA,51,NA,"incendio",59,42,"Semanal"
"572",NA,51,NA,"otro",25,1,"Semanal"
"573",NA,52,NA,"atropello",80,45,"Semanal"
"574",NA,52,NA,"caida_ocupante",37,17,"Semanal"
"575",NA,52,NA,"choque",470,376,"Semanal"
"576",NA,52,NA,"incendio",55,30,"Semanal"
"577",NA,52,NA,"otro",20,5,"Semanal"
"578",NA,53,NA,"atropello",8,9,"Semanal"
"579",NA,53,NA,"caida_ocupante",6,2,"Semanal"
"580",NA,53,NA,"choque",50,50,"Semanal"
"581",NA,53,NA,"incendio",10,5,"Semanal"
"582",NA,53,NA,"otro",2,14,"Semanal"
"583",NA,1,NA,"atropello",45,38,"Semanal"
"584",NA,1,NA,"caida_ocupante",34,29,"Semanal"
"585",NA,1,NA,"choque",325,325,"Semanal"
"586",NA,1,NA,"otro",61,60,"Semanal"
"587",NA,1,NA,"volcamiento",16,12,"Semanal"
"588",NA,2,NA,"atropello",64,63,"Semanal"
"589",NA,2,NA,"caida_ocupante",80,101,"Semanal"
"590",NA,2,NA,"choque",412,357,"Semanal"
"591",NA,2,NA,"otro",49,46,"Semanal"
"592",NA,2,NA,"volcamiento",10,16,"Semanal"
"593",NA,3,NA,"atropello",58,44,"Semanal"
"594",NA,3,NA,"caida_ocupante",68,95,"Semanal"
"595",NA,3,NA,"choque",518,545,"Semanal"
"596",NA,3,NA,"otro",75,76,"Semanal"
"597",NA,3,NA,"volcamiento",21,29,"Semanal"
"598",NA,4,NA,"atropello",75,65,"Semanal"
"599",NA,4,NA,"caida_ocupante",58,26,"Semanal"
"600",NA,4,NA,"choque",557,547,"Semanal"
"601",NA,4,NA,"otro",76,66,"Semanal"
"602",NA,4,NA,"volcamiento",16,18,"Semanal"
"603",NA,5,NA,"atropello",75,77,"Semanal"
"604",NA,5,NA,"caida_ocupante",67,51,"Semanal"
"605",NA,5,NA,"choque",516,532,"Semanal"
"606",NA,5,NA,"otro",55,69,"Semanal"
"607",NA,5,NA,"volcamiento",17,31,"Semanal"
"608",NA,6,NA,"atropello",82,89,"Semanal"
"609",NA,6,NA,"caida_ocupante",47,53,"Semanal"
"610",NA,6,NA,"choque",546,516,"Semanal"
"611",NA,6,NA,"otro",49,63,"Semanal"
"612",NA,6,NA,"volcamiento",20,25,"Semanal"
"613",NA,7,NA,"atropello",64,78,"Semanal"
"614",NA,7,NA,"caida_ocupante",62,91,"Semanal"
"615",NA,7,NA,"choque",587,597,"Semanal"
"616",NA,7,NA,"otro",108,181,"Semanal"
"617",NA,7,NA,"volcamiento",29,28,"Semanal"
"618",NA,8,NA,"atropello",74,78,"Semanal"
"619",NA,8,NA,"caida_ocupante",69,98,"Semanal"
"620",NA,8,NA,"choque",518,576,"Semanal"
"621",NA,8,NA,"otro",83,82,"Semanal"
"622",NA,8,NA,"volcamiento",16,26,"Semanal"
"623",NA,9,NA,"atropello",81,98,"Semanal"
"624",NA,9,NA,"caida_ocupante",63,81,"Semanal"
"625",NA,9,NA,"choque",514,499,"Semanal"
"626",NA,9,NA,"otro",81,96,"Semanal"
"627",NA,9,NA,"volcamiento",21,14,"Semanal"
"628",NA,10,NA,"atropello",75,92,"Semanal"
"629",NA,10,NA,"caida_ocupante",54,53,"Semanal"
"630",NA,10,NA,"choque",515,429,"Semanal"
"631",NA,10,NA,"otro",52,43,"Semanal"
"632",NA,10,NA,"volcamiento",15,5,"Semanal"
"633",NA,11,NA,"atropello",84,71,"Semanal"
"634",NA,11,NA,"caida_ocupante",64,54,"Semanal"
"635",NA,11,NA,"choque",532,513,"Semanal"
"636",NA,11,NA,"otro",59,50,"Semanal"
"637",NA,11,NA,"volcamiento",21,22,"Semanal"
"638",NA,12,NA,"atropello",84,73,"Semanal"
"639",NA,12,NA,"caida_ocupante",58,43,"Semanal"
"640",NA,12,NA,"choque",490,467,"Semanal"
"641",NA,12,NA,"otro",54,40,"Semanal"
"642",NA,12,NA,"volcamiento",18,2,"Semanal"
"643",NA,13,NA,"atropello",56,43,"Semanal"
"644",NA,13,NA,"caida_ocupante",61,53,"Semanal"
"645",NA,13,NA,"choque",495,488,"Semanal"
"646",NA,13,NA,"otro",61,65,"Semanal"
"647",NA,13,NA,"volcamiento",17,9,"Semanal"
"648",NA,14,NA,"atropello",70,68,"Semanal"
"649",NA,14,NA,"caida_ocupante",74,75,"Semanal"
"650",NA,14,NA,"choque",591,563,"Semanal"
"651",NA,14,NA,"otro",80,81,"Semanal"
"652",NA,14,NA,"volcamiento",36,43,"Semanal"
"653",NA,15,NA,"atropello",85,82,"Semanal"
"654",NA,15,NA,"caida_ocupante",52,68,"Semanal"
"655",NA,15,NA,"choque",569,556,"Semanal"
"656",NA,15,NA,"otro",76,93,"Semanal"
"657",NA,15,NA,"volcamiento",23,35,"Semanal"
"658",NA,16,NA,"atropello",45,31,"Semanal"
"659",NA,16,NA,"caida_ocupante",46,48,"Semanal"
"660",NA,16,NA,"choque",388,323,"Semanal"
"661",NA,16,NA,"otro",50,38,"Semanal"
"662",NA,16,NA,"volcamiento",13,12,"Semanal"
"663",NA,17,NA,"atropello",69,85,"Semanal"
"664",NA,17,NA,"caida_ocupante",42,49,"Semanal"
"665",NA,17,NA,"choque",518,481,"Semanal"
"666",NA,17,NA,"otro",60,64,"Semanal"
"667",NA,17,NA,"volcamiento",23,14,"Semanal"
"668",NA,18,NA,"atropello",77,68,"Semanal"
"669",NA,18,NA,"caida_ocupante",48,59,"Semanal"
"670",NA,18,NA,"choque",556,561,"Semanal"
"671",NA,18,NA,"incendio",2,6,"Semanal"
"672",NA,18,NA,"otro",48,50,"Semanal"
"673",NA,18,NA,"volcamiento",20,24,"Semanal"
"674",NA,19,NA,"atropello",58,48,"Semanal"
"675",NA,19,NA,"caida_ocupante",84,101,"Semanal"
"676",NA,19,NA,"choque",622,616,"Semanal"
"677",NA,19,NA,"otro",96,116,"Semanal"
"678",NA,19,NA,"volcamiento",24,14,"Semanal"
"679",NA,20,NA,"atropello",71,63,"Semanal"
"680",NA,20,NA,"caida_ocupante",64,61,"Semanal"
"681",NA,20,NA,"choque",506,536,"Semanal"
"682",NA,20,NA,"otro",82,95,"Semanal"
"683",NA,20,NA,"volcamiento",21,10,"Semanal"
"684",NA,21,NA,"atropello",72,52,"Semanal"
"685",NA,21,NA,"caida_ocupante",65,66,"Semanal"
"686",NA,21,NA,"choque",564,519,"Semanal"
"687",NA,21,NA,"otro",75,69,"Semanal"
"688",NA,21,NA,"volcamiento",28,31,"Semanal"
"689",NA,22,NA,"atropello",71,64,"Semanal"
"690",NA,22,NA,"caida_ocupante",45,59,"Semanal"
"691",NA,22,NA,"choque",467,428,"Semanal"
"692",NA,22,NA,"otro",64,43,"Semanal"
"693",NA,22,NA,"volcamiento",22,14,"Semanal"
"694",NA,23,NA,"atropello",68,63,"Semanal"
"695",NA,23,NA,"caida_ocupante",56,40,"Semanal"
"696",NA,23,NA,"choque",602,598,"Semanal"
"697",NA,23,NA,"incendio",1,5,"Semanal"
"698",NA,23,NA,"otro",70,80,"Semanal"
"699",NA,23,NA,"volcamiento",24,17,"Semanal"
"700",NA,24,NA,"atropello",79,46,"Semanal"
"701",NA,24,NA,"caida_ocupante",57,60,"Semanal"
"702",NA,24,NA,"choque",576,588,"Semanal"
"703",NA,24,NA,"otro",62,63,"Semanal"
"704",NA,24,NA,"volcamiento",28,37,"Semanal"
"705",NA,25,NA,"atropello",62,49,"Semanal"
"706",NA,25,NA,"caida_ocupante",55,47,"Semanal"
"707",NA,25,NA,"choque",502,420,"Semanal"
"708",NA,25,NA,"otro",57,62,"Semanal"
"709",NA,25,NA,"volcamiento",26,18,"Semanal"
"710",NA,26,NA,"atropello",60,57,"Semanal"
"711",NA,26,NA,"caida_ocupante",58,62,"Semanal"
"712",NA,26,NA,"choque",501,446,"Semanal"
"713",NA,26,NA,"otro",74,89,"Semanal"
"714",NA,26,NA,"volcamiento",23,42,"Semanal"
"715",NA,27,NA,"atropello",79,97,"Semanal"
"716",NA,27,NA,"caida_ocupante",51,49,"Semanal"
"717",NA,27,NA,"choque",517,508,"Semanal"
"718",NA,27,NA,"otro",75,64,"Semanal"
"719",NA,27,NA,"volcamiento",27,26,"Semanal"
"720",NA,28,NA,"atropello",67,46,"Semanal"
"721",NA,28,NA,"caida_ocupante",87,82,"Semanal"
"722",NA,28,NA,"choque",556,535,"Semanal"
"723",NA,28,NA,"otro",110,81,"Semanal"
"724",NA,28,NA,"volcamiento",37,34,"Semanal"
"725",NA,29,NA,"atropello",68,52,"Semanal"
"726",NA,29,NA,"caida_ocupante",70,62,"Semanal"
"727",NA,29,NA,"choque",615,598,"Semanal"
"728",NA,29,NA,"otro",117,115,"Semanal"
"729",NA,29,NA,"volcamiento",32,24,"Semanal"
"730",NA,30,NA,"atropello",88,75,"Semanal"
"731",NA,30,NA,"caida_ocupante",80,85,"Semanal"
"732",NA,30,NA,"choque",574,557,"Semanal"
"733",NA,30,NA,"otro",98,128,"Semanal"
"734",NA,30,NA,"volcamiento",43,44,"Semanal"
"735",NA,31,NA,"atropello",75,60,"Semanal"
"736",NA,31,NA,"caida_ocupante",88,104,"Semanal"
"737",NA,31,NA,"choque",645,619,"Semanal"
"738",NA,31,NA,"incendio",1,1,"Semanal"
"739",NA,31,NA,"otro",132,147,"Semanal"
"740",NA,31,NA,"volcamiento",46,72,"Semanal"
"741",NA,32,NA,"atropello",96,103,"Semanal"
"742",NA,32,NA,"caida_ocupante",74,61,"Semanal"
"743",NA,32,NA,"choque",650,640,"Semanal"
"744",NA,32,NA,"otro",93,98,"Semanal"
"745",NA,32,NA,"volcamiento",28,26,"Semanal"
"746",NA,33,NA,"atropello",75,52,"Semanal"
"747",NA,33,NA,"caida_ocupante",86,78,"Semanal"
"748",NA,33,NA,"choque",572,482,"Semanal"
"749",NA,33,NA,"otro",119,90,"Semanal"
"750",NA,33,NA,"volcamiento",40,39,"Semanal"
"751",NA,34,NA,"atropello",85,75,"Semanal"
"752",NA,34,NA,"caida_ocupante",53,35,"Semanal"
"753",NA,34,NA,"choque",591,541,"Semanal"
"754",NA,34,NA,"incendio",1,2,"Semanal"
"755",NA,34,NA,"otro",102,116,"Semanal"
"756",NA,34,NA,"volcamiento",31,40,"Semanal"
"757",NA,35,NA,"atropello",86,80,"Semanal"
"758",NA,35,NA,"caida_ocupante",87,97,"Semanal"
"759",NA,35,NA,"choque",610,531,"Semanal"
"760",NA,35,NA,"otro",77,78,"Semanal"
"761",NA,35,NA,"volcamiento",28,31,"Semanal"
"762",NA,36,NA,"atropello",94,100,"Semanal"
"763",NA,36,NA,"caida_ocupante",97,138,"Semanal"
"764",NA,36,NA,"choque",587,591,"Semanal"
"765",NA,36,NA,"otro",132,147,"Semanal"
"766",NA,36,NA,"volcamiento",27,22,"Semanal"
"767",NA,37,NA,"atropello",68,43,"Semanal"
"768",NA,37,NA,"caida_ocupante",81,87,"Semanal"
"769",NA,37,NA,"choque",613,649,"Semanal"
"770",NA,37,NA,"otro",130,164,"Semanal"
"771",NA,37,NA,"volcamiento",43,49,"Semanal"
"772",NA,38,NA,"atropello",80,64,"Semanal"
"773",NA,38,NA,"caida_ocupante",96,111,"Semanal"
"774",NA,38,NA,"choque",631,602,"Semanal"
"775",NA,38,NA,"otro",112,124,"Semanal"
"776",NA,38,NA,"volcamiento",44,52,"Semanal"
"777",NA,39,NA,"atropello",94,66,"Semanal"
"778",NA,39,NA,"caida_ocupante",63,54,"Semanal"
"779",NA,39,NA,"choque",583,585,"Semanal"
"780",NA,39,NA,"otro",132,138,"Semanal"
"781",NA,39,NA,"volcamiento",46,41,"Semanal"
"782",NA,40,NA,"atropello",83,78,"Semanal"
"783",NA,40,NA,"caida_ocupante",61,67,"Semanal"
"784",NA,40,NA,"choque",604,562,"Semanal"
"785",NA,40,NA,"otro",105,107,"Semanal"
"786",NA,40,NA,"volcamiento",48,38,"Semanal"
"787",NA,41,NA,"atropello",84,63,"Semanal"
"788",NA,41,NA,"caida_ocupante",68,61,"Semanal"
"789",NA,41,NA,"choque",550,511,"Semanal"
"790",NA,41,NA,"otro",100,86,"Semanal"
"791",NA,41,NA,"volcamiento",44,55,"Semanal"
"792",NA,42,NA,"atropello",81,72,"Semanal"
"793",NA,42,NA,"caida_ocupante",75,80,"Semanal"
"794",NA,42,NA,"choque",609,585,"Semanal"
"795",NA,42,NA,"otro",115,147,"Semanal"
"796",NA,42,NA,"volcamiento",49,54,"Semanal"
"797",NA,43,NA,"atropello",90,78,"Semanal"
"798",NA,43,NA,"caida_ocupante",57,57,"Semanal"
"799",NA,43,NA,"choque",632,591,"Semanal"
"800",NA,43,NA,"incendio",1,2,"Semanal"
"801",NA,43,NA,"otro",111,97,"Semanal"
"802",NA,43,NA,"volcamiento",53,56,"Semanal"
"803",NA,44,NA,"atropello",98,100,"Semanal"
"804",NA,44,NA,"caida_ocupante",86,67,"Semanal"
"805",NA,44,NA,"choque",544,504,"Semanal"
"806",NA,44,NA,"otro",90,86,"Semanal"
"807",NA,44,NA,"volcamiento",40,32,"Semanal"
"808",NA,45,NA,"atropello",97,110,"Semanal"
"809",NA,45,NA,"caida_ocupante",80,89,"Semanal"
"810",NA,45,NA,"choque",576,551,"Semanal"
"811",NA,45,NA,"otro",101,98,"Semanal"
"812",NA,45,NA,"volcamiento",27,23,"Semanal"
"813",NA,46,NA,"atropello",78,66,"Semanal"
"814",NA,46,NA,"caida_ocupante",81,89,"Semanal"
"815",NA,46,NA,"choque",587,626,"Semanal"
"816",NA,46,NA,"otro",100,129,"Semanal"
"817",NA,46,NA,"volcamiento",50,44,"Semanal"
"818",NA,47,NA,"atropello",79,57,"Semanal"
"819",NA,47,NA,"caida_ocupante",74,61,"Semanal"
"820",NA,47,NA,"choque",585,527,"Semanal"
"821",NA,47,NA,"incendio",1,3,"Semanal"
"822",NA,47,NA,"otro",114,104,"Semanal"
"823",NA,47,NA,"volcamiento",39,44,"Semanal"
"824",NA,48,NA,"atropello",95,51,"Semanal"
"825",NA,48,NA,"caida_ocupante",63,68,"Semanal"
"826",NA,48,NA,"choque",442,416,"Semanal"
"827",NA,48,NA,"incendio",1,7,"Semanal"
"828",NA,48,NA,"otro",92,86,"Semanal"
"829",NA,48,NA,"volcamiento",45,33,"Semanal"
"830",NA,49,NA,"atropello",91,78,"Semanal"
"831",NA,49,NA,"caida_ocupante",85,76,"Semanal"
"832",NA,49,NA,"choque",699,625,"Semanal"
"833",NA,49,NA,"otro",107,110,"Semanal"
"834",NA,49,NA,"volcamiento",42,32,"Semanal"
"835",NA,50,NA,"atropello",71,55,"Semanal"
"836",NA,50,NA,"caida_ocupante",78,72,"Semanal"
"837",NA,50,NA,"choque",657,544,"Semanal"
"838",NA,50,NA,"otro",98,65,"Semanal"
"839",NA,50,NA,"volcamiento",48,27,"Semanal"
"840",NA,51,NA,"atropello",86,58,"Semanal"
"841",NA,51,NA,"caida_ocupante",80,72,"Semanal"
"842",NA,51,NA,"choque",621,556,"Semanal"
"843",NA,51,NA,"otro",94,106,"Semanal"
"844",NA,51,NA,"volcamiento",36,31,"Semanal"
"845",NA,52,NA,"atropello",66,42,"Semanal"
"846",NA,52,NA,"caida_ocupante",71,52,"Semanal"
"847",NA,52,NA,"choque",424,357,"Semanal"
"848",NA,52,NA,"otro",86,43,"Semanal"
"849",NA,52,NA,"volcamiento",57,48,"Semanal"
"850",NA,53,NA,"atropello",11,1,"Semanal"
"851",NA,53,NA,"caida_ocupante",14,1,"Semanal"
"852",NA,53,NA,"choque",24,27,"Semanal"
"853",NA,53,NA,"otro",9,13,"Semanal"
"854",NA,53,NA,"volcamiento",9,2,"Semanal"
"855",NA,NA,1,"atropello",270,122,"Mensual"
"856",NA,NA,1,"caida_ocupante",274,148,"Mensual"
"857",NA,NA,1,"choque",1987,1830,"Mensual"
"858",NA,NA,1,"incendio",347,249,"Mensual"
"859",NA,NA,1,"otro",75,79,"Mensual"
"860",NA,NA,2,"atropello",257,216,"Mensual"
"861",NA,NA,2,"caida_ocupante",279,232,"Mensual"
"862",NA,NA,2,"choque",2337,2479,"Mensual"
"863",NA,NA,2,"incendio",280,272,"Mensual"
"864",NA,NA,2,"otro",93,38,"Mensual"
"865",NA,NA,3,"atropello",309,231,"Mensual"
"866",NA,NA,3,"caida_ocupante",388,313,"Mensual"
"867",NA,NA,3,"choque",2237,2059,"Mensual"
"868",NA,NA,3,"incendio",310,281,"Mensual"
"869",NA,NA,3,"otro",85,15,"Mensual"
"870",NA,NA,4,"atropello",311,220,"Mensual"
"871",NA,NA,4,"caida_ocupante",309,288,"Mensual"
"872",NA,NA,4,"choque",2356,2327,"Mensual"
"873",NA,NA,4,"incendio",303,287,"Mensual"
"874",NA,NA,4,"otro",93,22,"Mensual"
"875",NA,NA,5,"atropello",307,199,"Mensual"
"876",NA,NA,5,"caida_ocupante",346,250,"Mensual"
"877",NA,NA,5,"choque",2417,2453,"Mensual"
"878",NA,NA,5,"incendio",341,269,"Mensual"
"879",NA,NA,5,"otro",110,15,"Mensual"
"880",NA,NA,6,"atropello",323,264,"Mensual"
"881",NA,NA,6,"caida_ocupante",301,277,"Mensual"
"882",NA,NA,6,"choque",2222,2080,"Mensual"
"883",NA,NA,6,"incendio",348,327,"Mensual"
"884",NA,NA,6,"otro",95,26,"Mensual"
"885",NA,NA,7,"atropello",299,248,"Mensual"
"886",NA,NA,7,"caida_ocupante",318,288,"Mensual"
"887",NA,NA,7,"choque",2264,2094,"Mensual"
"888",NA,NA,7,"incendio",342,332,"Mensual"
"889",NA,NA,7,"otro",108,38,"Mensual"
"890",NA,NA,8,"atropello",315,291,"Mensual"
"891",NA,NA,8,"caida_ocupante",341,305,"Mensual"
"892",NA,NA,8,"choque",2546,2600,"Mensual"
"893",NA,NA,8,"incendio",310,317,"Mensual"
"894",NA,NA,8,"otro",82,45,"Mensual"
"895",NA,NA,9,"atropello",317,286,"Mensual"
"896",NA,NA,9,"caida_ocupante",264,201,"Mensual"
"897",NA,NA,9,"choque",2446,2425,"Mensual"
"898",NA,NA,9,"incendio",321,274,"Mensual"
"899",NA,NA,9,"otro",104,40,"Mensual"
"900",NA,NA,10,"atropello",306,145,"Mensual"
"901",NA,NA,10,"caida_ocupante",312,246,"Mensual"
"902",NA,NA,10,"choque",2474,2284,"Mensual"
"903",NA,NA,10,"incendio",305,298,"Mensual"
"904",NA,NA,10,"otro",123,57,"Mensual"
"905",NA,NA,11,"atropello",271,229,"Mensual"
"906",NA,NA,11,"caida_ocupante",248,230,"Mensual"
"907",NA,NA,11,"choque",2380,2326,"Mensual"
"908",NA,NA,11,"incendio",262,281,"Mensual"
"909",NA,NA,11,"otro",99,16,"Mensual"
"910",NA,NA,12,"atropello",319,272,"Mensual"
"911",NA,NA,12,"caida_ocupante",227,270,"Mensual"
"912",NA,NA,12,"choque",2492,2215,"Mensual"
"913",NA,NA,12,"incendio",264,252,"Mensual"
"914",NA,NA,12,"otro",104,77,"Mensual"
"915",NA,NA,1,"atropello",277,158,"Mensual"
"916",NA,NA,1,"caida_ocupante",264,183,"Mensual"
"917",NA,NA,1,"choque",2017,1901,"Mensual"
"918",NA,NA,1,"otro",286,183,"Mensual"
"919",NA,NA,1,"volcamiento",69,1,"Mensual"
"920",NA,NA,2,"atropello",301,278,"Mensual"
"921",NA,NA,2,"caida_ocupante",258,273,"Mensual"
"922",NA,NA,2,"choque",2175,2177,"Mensual"
"923",NA,NA,2,"otro",306,353,"Mensual"
"924",NA,NA,2,"volcamiento",89,39,"Mensual"
"925",NA,NA,3,"atropello",331,190,"Mensual"
"926",NA,NA,3,"caida_ocupante",256,93,"Mensual"
"927",NA,NA,3,"choque",2230,1957,"Mensual"
"928",NA,NA,3,"otro",257,101,"Mensual"
"929",NA,NA,3,"volcamiento",74,94,"Mensual"
"930",NA,NA,4,"atropello",288,207,"Mensual"
"931",NA,NA,4,"caida_ocupante",227,177,"Mensual"
"932",NA,NA,4,"choque",2242,1973,"Mensual"
"933",NA,NA,4,"incendio",1,19,"Mensual"
"934",NA,NA,4,"otro",288,227,"Mensual"
"935",NA,NA,4,"volcamiento",106,36,"Mensual"
"936",NA,NA,5,"atropello",305,188,"Mensual"
"937",NA,NA,5,"caida_ocupante",285,254,"Mensual"
"938",NA,NA,5,"choque",2443,2383,"Mensual"
"939",NA,NA,5,"incendio",1,13,"Mensual"
"940",NA,NA,5,"otro",331,283,"Mensual"
"941",NA,NA,5,"volcamiento",100,24,"Mensual"
"942",NA,NA,6,"atropello",297,188,"Mensual"
"943",NA,NA,6,"caida_ocupante",235,170,"Mensual"
"944",NA,NA,6,"choque",2339,2132,"Mensual"
"945",NA,NA,6,"incendio",1,13,"Mensual"
"946",NA,NA,6,"otro",280,263,"Mensual"
"947",NA,NA,6,"volcamiento",107,58,"Mensual"
"948",NA,NA,7,"atropello",331,287,"Mensual"
"949",NA,NA,7,"caida_ocupante",320,290,"Mensual"
"950",NA,NA,7,"choque",2447,2369,"Mensual"
"951",NA,NA,7,"otro",447,426,"Mensual"
"952",NA,NA,7,"volcamiento",153,132,"Mensual"
"953",NA,NA,8,"atropello",370,318,"Mensual"
"954",NA,NA,8,"caida_ocupante",337,309,"Mensual"
"955",NA,NA,8,"choque",2770,2575,"Mensual"
"956",NA,NA,8,"incendio",2,8,"Mensual"
"957",NA,NA,8,"otro",463,453,"Mensual"
"958",NA,NA,8,"volcamiento",160,178,"Mensual"
"959",NA,NA,9,"atropello",359,270,"Mensual"
"960",NA,NA,9,"caida_ocupante",362,411,"Mensual"
"961",NA,NA,9,"choque",2568,2571,"Mensual"
"962",NA,NA,9,"otro",528,588,"Mensual"
"963",NA,NA,9,"volcamiento",162,152,"Mensual"
"964",NA,NA,10,"atropello",382,325,"Mensual"
"965",NA,NA,10,"caida_ocupante",290,263,"Mensual"
"966",NA,NA,10,"choque",2658,2415,"Mensual"
"967",NA,NA,10,"incendio",1,6,"Mensual"
"968",NA,NA,10,"otro",483,466,"Mensual"
"969",NA,NA,10,"volcamiento",217,185,"Mensual"
"970",NA,NA,11,"atropello",377,293,"Mensual"
"971",NA,NA,11,"caida_ocupante",336,312,"Mensual"
"972",NA,NA,11,"choque",2309,2202,"Mensual"
"973",NA,NA,11,"incendio",1,0,"Mensual"
"974",NA,NA,11,"otro",418,425,"Mensual"
"975",NA,NA,11,"volcamiento",169,154,"Mensual"
"976",NA,NA,12,"atropello",351,249,"Mensual"
"977",NA,NA,12,"caida_ocupante",347,295,"Mensual"
"978",NA,NA,12,"choque",2587,2257,"Mensual"
"979",NA,NA,12,"incendio",1,0,"Mensual"
"980",NA,NA,12,"otro",421,327,"Mensual"
"981",NA,NA,12,"volcamiento",201,140,"Mensual"
